,Respondent ID,Collector ID,Start Date,End Date,IP Address,Email Address,First Name,Last Name,Custom Data 1,Are you willing to participate in the survey?,"We will ask you to create a unique identifier so the survey analysis team can identify repeated responses across years. Please respond with the first letter of your birth city, the third letter of your birth month, and the last two digits of your phone number. Example: someone born in Seattle, in March, phone (202) 123-4567 would answer SR67",Please indicate your gender (optional),Did you support a USAID biodiversity program in the past year?,What stage(s) in the Program Cycle were you supporting? (select all that apply),What best describes your role in the USAID biodiversity program you supported most recently? (choose one),Please indicate the USAID operating unit you were associated with when serving in this role.,I believe the use of adaptive management improves biodiversity program outcomes.,I believe adaptive management is difficult.,I am confident in my ability to apply adaptive management to my work.,Please provide some context to your previous response.(I am confident in my ability to apply adaptive management to my work.),I believe I can overcome barriers to implementing adaptive management.,Please provide some context to your previous response.(I believe I can overcome barriers to implementing adaptive management.),I am confident in my ability to support the use of adaptive management through my work.,Please provide some context to your previous response.(I am confident in my ability to support the use of adaptive management through my work.),I believe I can overcome barriers affecting my support to biodiversity teams implementing adaptive management.,Please provide some context to your previous response.(I believe I can overcome barriers affecting my support to biodiversity teams implementing adaptive management.),I believe the operating unit is committed to operationalizing adaptive management across its biodiversity programs.,"I believe the operating unit’s environment team generally has access to adequate time, financial, and human resources to adaptively manage biodiversity programs.",I believe most biodiversity programs are designed and implemented using adaptive management.,"I believe most teams managing biodiversity programs have the knowledge, skills, and abilities they need to implement strategies for generating and applying evidence to strengthen program design and implementation.","I believe most teams managing biodiversity programs have adequate resources (time, budget, staff, and access to technical assistance) to implement strategies for generating and applying evidence to strengthen program designs and implementation.",A situation model is a diagram that displays the findings from a context/problem analysis to convey the most important threats and drivers affecting selected biodiversity focal interests. Most biodiversity teams develop and use situation models to guide the design of their programs.,How important is it for biodiversity program teams to develop and use situation models to guide the design of their programs?,Results chains and other types of logic models are used to represent the outcomes needed to achieve the theory of change for a USAID strategy or program. Most biodiversity program teams use results chains or other logic models to describe their theory of change and how their interventions work.,How important is it for biodiversity program teams engaged in the design and implementation of biodiversity programs to develop results chains or other logic models to describe their theory of change and how their interventions work?,Performance monitoring reveals if desired results are occurring and if implementation is on track.Most biodiversity program teams consider monitoring data when making decisions about adapting implementation of their programs.,How important is it for biodiversity program teams to consider monitoring data when making decisions about adapting implementation of their programs?,Evaluation is the systematic collection and analysis of information about the characteristics and outcomes of programs.Most biodiversity program teams review and apply evaluation findings to the design and implementation of their programs.,How important is it for program teams to review and apply evaluation findings to the design and implementation of biodiversity programs?,How familiar are you with the Office of Forestry and Biodiversity’s Measuring Impact (MI) and/or Measuring Impact II (MI2) activities?,Have you or your team received support from Measuring Impact (MI) and/or Measuring Impact II (MI2)?,Which statement best describes your role on the team receiving support from Measuring Impact (MI) and/or Measuring Impact II (MI2)? Please answer for your most recent engagement with MI or MI2.,During which stage in the Program Cycle did you or your team engage with MI/MI2?,Consider your most recent experience receiving Measuring Impact (MI) or Measuring Impact II (MI2) technical assistance for a C/RDCS. To what extent did MI/MI2 technical assistance affect the quality of the C/RDCS produced by your team?,Consider your most recent experience receiving Measuring Impact (MI) or Measuring Impact II (MI2) technical assistance for a project design. To what extent did MI/MI2 technical assistance affect the quality of the Project Appraisal Document or PAD produced by your team?,Consider your most recent experience receiving Measuring Impact (MI) or Measuring Impact II (MI2) technical assistance for an activity design and/or procurement.To what extent did MI/MI2 technical assistance affect the quality of the activity design and/or procurement documents produced by your team?,Consider your most recent experience receiving Measuring Impact (MI) or Measuring Impact II (MI2) technical assistance for an activity start up. To what extent did MI/MI2 technical assistance affect the quality of the first-year work plan or MEL plan produced by the implementing partner.,Consider your most recent experience receiving Measuring Impact (MI) or Measuring Impact II (MI2) technical assistance (e.g. Pause and Reflect) for an implemented activity.To what extent did MI/MI2 technical assistance affect the actions undertaken during implementation of the activity?,Consider your most recent experience with Measuring Impact (MI) or Measuring Impact II (MI2) technical assistance for an evaluation. To what extent did MI/MI2 technical assistance affect the relevance and utility of the evaluation findings?,Consider the Measuring Impact (MI) or Measuring Impact II (MI2) technical assistance you described in the previous question.To what extent did MI/MI2 technical assistance affect the quality of processes or outputs in the area of support?,I believe of MI/MI2 recommended practices strengthen adaptive management of biodiversity and integrated projects and/or activities.,I believe the technical assistance I received from MI/MI2 increased my ability to effectively do my work.,I believe most USAID Missions are committed to operationalizing adaptive management across their biodiversity programs.,"I believe most environment teams have access to adequate time, financial, and human resources to adaptively manage biodiversity programs.",I believe most USAID biodiversity programs are designed and implemented using adaptive management.,"I believe most teams engaged in the design and implementation of biodiversity programs have adequate resources (such as time, budget, staff, and access to technical assistance) to implement strategies for generating and applying evidence to strengthen program designs and implementation.",How important is it for program teams to develop and use situation models to guide the design of biodiversity programs?,Performance monitoring reveals whether desired results are occurring and whether implementation is on track.Most biodiversity program teams consider monitoring data when making decisions about adapting  implementation of their programs.
0,12477972045,263393441,2021-03-09 22:21:38,2021-03-09 23:31:00,163.116.193.114,,,,,Yes,JN22,Female,Yes,"Activity design and/or procurement, Activity implementation","I engaged with biodiversity programming through facilitating strategic planning, procurement, and/or M&E and reporting (Program Officer)","Mission (please specify), Indonesia",Agree,Neither agree nor disagree,,,,,Agree,,Agree,,Agree,Agree,Agree,Agree,Agree,Agree,Important,Agree,Very important,Agree,Very important,Agree,Very important,Not at all familiar,,,,,,,,,,,,,,,,,,
1,12477891999,263393441,2021-03-09 22:20:17,2021-03-09 22:30:11,163.116.193.117,,,,,Yes,JL58,Male,Yes,"Strategy (CDCS), Project design (PAD), Activity design and/or procurement, Activity start up, Activity implementation, Evaluation",I was part of a team responsible for managing a biodiversity program or programming biodiversity funds (Biodiversity Practitioner and/or A/COR),"Mission (please specify), Indonesia",Strongly Agree,Agree,Agree,,Agree,,,,,,Agree,Agree,Agree,Neither agree nor disagree,Neither agree nor disagree,Agree,Very important,Agree,Very important,Agree,Very important,Agree,Important,Somewhat familiar,Yes,I was part of a team responsible for managing a biodiversity program or programming biodiversity funds (Biodiversity Practitioner or A/COR),Evaluation,,,,,,MI/MI2 support had a large positive effect on the relevance and utility of the evaluation findings,,Agree,Agree,,,,,,
2,12477891089,263393441,2021-03-09 22:19:45,2021-03-09 23:09:10,163.116.193.117,,,,,Yes,HG31,,Yes,Activity design and/or procurement,"I engaged with biodiversity programming through facilitating strategic planning, procurement, and/or M&E and reporting (Program Officer)","Mission (please specify), USAID/Indonesia",Agree,Strongly Agree,,,,,Neither agree nor disagree,,Agree,,Strongly Agree,Agree,Neither agree nor disagree,Agree,Neither agree nor disagree,Agree,Important,Neither agree nor disagree,I don’t know,Agree,Very important,Agree,Important,Not at all familiar,,,,,,,,,,,,,,,,,,
3,12477471535,263393441,2021-03-09 19:03:06,2021-03-09 21:11:28,101.128.127.169,,,,,Yes,Bl09,male,Yes,"Strategy (CDCS), Project design (PAD), Activity design and/or procurement, Activity start up, Activity implementation, Evaluation",I was part of a team responsible for managing a biodiversity program or programming biodiversity funds (Biodiversity Practitioner and/or A/COR),"Mission (please specify), Indonesia",Strongly Agree,Agree,Agree,,Agree,,,,,,Strongly Agree,Agree,Strongly Agree,Strongly Agree,Agree,Strongly Agree,Very important,Strongly Agree,Important,Strongly Agree,Very important,Strongly Agree,Very important,Very familiar,Yes,I was part of a team responsible for managing a biodiversity program or programming biodiversity funds (Biodiversity Practitioner or A/COR),"Other (please specify), Multiple:  activity design, start up, and implementation",,,,,,,MI/MI2 support had a moderate positive effect on the quality of  processes or outputs in the area of support,Strongly agree,Agree,,,,,,
4,12477102564,263393441,2021-03-09 16:47:52,2021-03-09 17:02:34,72.234.176.36,,,,,Yes,LL23,male,Yes,"Strategy (CDCS), Project design (PAD), Activity design and/or procurement, Evaluation",I advised and/or provided technical assistance to those managing biodiversity programs or programming biodiversity funds (Biodiversity Advisor),"Mission (please specify), Indonesia",Agree,Disagree,,,,,Agree,,Agree,"My main barrier is time constraints - as such I have to practice good time management to meaningfully weigh in on biodiversity strategies, designs, procurements, projects documents, and evaluations.  ",Agree,Agree,Agree,Agree,Agree,Agree,Very important,Agree,Very important,Agree,Very important,Agree,Very important,Somewhat familiar,Yes,"Other (please specify), I supervised a team responsible for managing a biodiversity program.",Strategy (CDCS),MI/MI2 support had little effect on the quality of the C/RDCS produced by the team,,,,,,,Agree,Agree,,,,,,
5,12475822769,263393441,2021-03-09 10:11:47,2021-03-09 10:43:47,163.116.162.122,,,,,Yes,MY88,Male,Yes,"Strategy (CDCS), Project design (PAD), Activity design and/or procurement, Activity start up, Activity implementation, Evaluation",I was part of a team responsible for managing a biodiversity program or programming biodiversity funds (Biodiversity Practitioner and/or A/COR),"Mission (please specify), Mozambique",Strongly disagree,Disagree,Agree,COVID19 pandemic impacts had obliged us to change the programming and adapt to this situation in implementing our activities,Agree,,,,,,Agree,Agree,Agree,Agree,Neither agree nor disagree,Agree,Important,Agree,Important,Agree,Important,Agree,Important,Somewhat familiar,Yes,I was part of a team responsible for managing a biodiversity program or programming biodiversity funds (Biodiversity Practitioner or A/COR),Project design (PAD),,MI/MI2 support had a large positive effect on the quality of the PAD produced by the team,,,,,,Strongly disagree,Neither agree nor disagree,,,,,,
6,12474931760,263393441,2021-03-09 04:43:12,2021-03-09 04:47:11,23.83.131.209,,,,,Yes,DV68,,Yes,"Project design (PAD), Activity design and/or procurement, Activity start up, Activity implementation",I was part of a team responsible for managing a biodiversity program or programming biodiversity funds (Biodiversity Practitioner and/or A/COR),"Mission (please specify), Liberia",Agree,Neither agree nor disagree,Agree,,Neither agree nor disagree,,,,,,Neither agree nor disagree,Disagree,Neither agree nor disagree,Neither agree nor disagree,Neither agree nor disagree,Neither agree nor disagree,Slightly important,Neither agree nor disagree,Moderately important,,,,,,,,,,,,,,,,,,,,,,,
7,12474693139,263393441,2021-03-09 02:10:31,2021-03-09 03:36:57,163.116.162.115,,,,,Yes,BP55,,Yes,"Activity design and/or procurement, Activity start up, Activity implementation, Evaluation",I was part of a team responsible for managing a biodiversity program or programming biodiversity funds (Biodiversity Practitioner and/or A/COR),"Mission (please specify), Malawi",Agree,Disagree,Neither agree nor disagree,Because I have missed a couple of opportunities that I could have learned more about applying adaptative management to my work because of other competing priorities.  ,Agree,,,,,,Agree,Neither agree nor disagree,Agree,Disagree,Disagree,Strongly Agree,Very important,Strongly Agree,Very important,Agree,Very important,Agree,Very important,Somewhat familiar,Yes,"Other (please specify), I was part of an activity design team.",Activity design and/or procurement,,,MI/MI2 support had a large positive effect on the quality of the activity design and/or procurement documents produced by the team,,,,,Agree,Agree,,,,,,
8,12474653021,263393441,2021-03-09 01:40:28,2021-03-09 01:49:54,163.116.162.113,,,,,Yes,LB44,Male,Yes,"Strategy (CDCS), Project design (PAD), Activity design and/or procurement, Activity start up, Activity implementation, Evaluation",I was part of a team responsible for managing a biodiversity program or programming biodiversity funds (Biodiversity Practitioner and/or A/COR),"Mission (please specify), Malawi",Strongly Agree,Disagree,Neither agree nor disagree,AM is usually contextual,Agree,Due to collaboration with other stakeholders,,,,,Agree,Agree,Agree,Neither agree nor disagree,Neither agree nor disagree,Agree,Very important,Agree,Very important,Agree,Very important,Agree,Very important,Very familiar,Yes,I was part of a team responsible for managing a biodiversity program or programming biodiversity funds (Biodiversity Practitioner or A/COR),Activity design and/or procurement,,,MI/MI2 support had a large positive effect on the quality of the activity design and/or procurement documents produced by the team,,,,,Agree,Agree,,,,,,
9,12474304220,263393441,2021-03-08 21:26:25,2021-03-08 21:26:41,41.223.116.254,,,,,Yes,,,,,,,,,,,,,,,,,,,,,,,,,,,,,,,,,,,,,,,,,,,,,,,,
10,12474303777,263393441,2021-03-08 21:20:20,2021-03-08 22:29:05,163.116.193.120,,,,,Yes,QB26,M,Yes,"Strategy (CDCS), Project design (PAD), Activity design and/or procurement, Activity start up, Activity implementation, Evaluation",I was part of a team responsible for managing a biodiversity program or programming biodiversity funds (Biodiversity Practitioner and/or A/COR),"Mission (please specify), Philippines",Agree,Neither agree nor disagree,Agree,"Receiving a bit of training on the subject, learning from others' experiences, noting changes in context and assumptions, conducting annual pause-and-reflect and occasional stocktaking sessions, and starting to build in flexibility in awards all help to build some confidence.",Neither agree nor disagree,Maybe?,,,,,Agree,Agree,Neither agree nor disagree,Agree,Neither agree nor disagree,Agree,Very important,Agree,Very important,Agree,Very important,Agree,Very important,Very familiar,Yes,I was part of a team responsible for managing a biodiversity program or programming biodiversity funds (Biodiversity Practitioner or A/COR),"Other (please specify), A combination of start-up and implementation (and in one case, even evaluation)",,,,,,,MI/MI2 support had a large positive effect on the quality of processes or outputs in the area of support,Agree,Agree,,,,,,
11,12473594895,263393441,2021-03-08 16:20:52,2021-03-08 16:36:02,163.116.162.113,,,,,Yes,DR32,Female,Yes,Activity implementation,I was part of a team responsible for managing a biodiversity program or programming biodiversity funds (Biodiversity Practitioner and/or A/COR),"Mission (please specify), Senegal",Strongly Agree,Neither agree nor disagree,Agree,"I believe I need to continuously build my ability to unveil change, recognize new information or seek to identify them in order to become more confident in my ability to apply adaptive management.",Agree,It's also about knowing how to harness change and make strategic adjustments.,,,,,Agree,Agree,Agree,Agree,Agree,Agree,Very important,Strongly Agree,Very important,Strongly Agree,Very important,Agree,Very important,Very familiar,Yes,I was part of a team responsible for managing a biodiversity program or programming biodiversity funds (Biodiversity Practitioner or A/COR),Activity design and/or procurement,,,MI/MI2 support had a large positive effect on the quality of the activity design and/or procurement documents produced by the team,,,,,Strongly agree,Strongly agree,,,,,,
12,12465069181,263393441,2021-03-05 03:33:27,2021-03-05 04:01:57,163.116.146.116,,,,,Yes,JN44,MALE,Yes,"Project design (PAD), Activity design and/or procurement, Activity start up, Activity implementation, Evaluation, i MANAGE BIODIVERSITY PROGRAM",I was part of a team responsible for managing a biodiversity program or programming biodiversity funds (Biodiversity Practitioner and/or A/COR),"Mission (please specify), JUBA",Strongly disagree,Strongly disagree,Agree,"Given my contextual experience characterized by conflict, natural resources plundering - it is appropriate to apply adapted management so that planning can be based on the changing conditions on the ground.     ",Agree,Discussing the new ideas with the beneficiaries including local authorities. Telling the beneficiaries the need for adaptive management and the results to be achieved.   ,,,,,Strongly Agree,Agree,Agree,Agree,Agree,Agree,Very important,Agree,Very important,Agree,Very important,Strongly Agree,Very important,Somewhat familiar,No,,,,,,,,,,,,,,,,,
13,12465033183,263393441,2021-03-05 03:10:47,2021-03-05 03:11:13,163.116.162.139,,,,,Yes,,,,,,,,,,,,,,,,,,,,,,,,,,,,,,,,,,,,,,,,,,,,,,,,
14,12464871079,263393441,2021-03-05 01:13:41,2021-03-05 01:17:27,27.34.20.144,,,,,Yes,pr58,,Yes,"Strategy (CDCS), Project design (PAD), Activity design and/or procurement, Activity implementation, Evaluation","I engaged with biodiversity programming through facilitating strategic planning, procurement, and/or M&E and reporting (Program Officer)","Mission (please specify), Nepal",Strongly Agree,Disagree,,,,,,,,,,,,,,,,,,,,,,,,,,,,,,,,,,,,,,,,
15,12464822757,263393441,2021-03-05 00:24:58,2021-03-05 00:56:15,41.139.146.95,,,,,Yes,KM12,Male,Yes,"Strategy (CDCS), Project design (PAD), Activity design and/or procurement, Activity start up, Activity implementation, Evaluation",I was part of a team responsible for managing a biodiversity program or programming biodiversity funds (Biodiversity Practitioner and/or A/COR),"Mission (please specify), USAID/Kenya and East Africa",Strongly Agree,Agree,Agree,We use evaluation findings and other assessments to make adjustments to activities. I'm currently leading a youth inclusion agenda where we have carried out an assessment to determine youth involvement in community conservancies and now planning on how to incorporate recommendations in the existing activities and future designs.  ,Agree,Some colleagues and implementing partners find it difficult to make adjustments. ,,,,,Agree,Agree,Agree,Agree,Disagree,Neither agree nor disagree,Very important,Neither agree nor disagree,Very important,Agree,Very important,Agree,Very important,Very familiar,Yes,I was part of a team responsible for managing a biodiversity program or programming biodiversity funds (Biodiversity Practitioner or A/COR),Strategy (CDCS),MI/MI2 support had a moderate positive effect on the quality of the C/RDCS produced by the team,,,,,,,Agree,Agree,,,,,,
16,12464773457,263393441,2021-03-05 00:03:28,2021-03-05 01:13:46,163.116.205.115,,,,,Yes,DO69,Male,Yes,Activity monitoring,"I engaged with biodiversity programming through facilitating strategic planning, procurement, and/or M&E and reporting (Program Officer)","Mission (please specify), Nepal",Strongly Agree,Strongly Agree,,,,,Agree,It depends on the context of the operating environment; as well in which stage of the program cycle you involve in or support teams.,Agree,,Agree,Neither agree nor disagree,Neither agree nor disagree,Agree,Neither agree nor disagree,Agree,Very important,Agree,Very important,Neither agree nor disagree,Very important,Agree,Very important,Somewhat familiar,No,,,,,,,,,,,,,,,,,
17,12464731088,263393441,2021-03-04 23:37:31,2021-03-04 23:49:16,27.34.20.251,,,,,Yes,BR75,,Yes,"Activity design and/or procurement, Activity implementation",I worked in a different sector at USAID and supported one or more programs that included cross-sectoral integration with biodiversity (Partner in Integration),"Mission (please specify), Nepal",Strongly disagree,Agree,,,Agree,"With adequate planning, engagement, and expert support, the barriers can be overcome.",Agree,"It requires skills in planning, participation, engagement, and analysis, and of course time, which are all part of our work, and hence we can do it.",,,Agree,Agree,Agree,Neither agree nor disagree,Neither agree nor disagree,Neither agree nor disagree,Important,Neither agree nor disagree,Important,Agree,Very important,Agree,Very important,Very familiar,Yes,I was part of a team responsible for managing a biodiversity program or programming biodiversity funds (Biodiversity Practitioner or A/COR),Activity implementation,,,,,MI/MI2 support had a moderate positive effect on the actions undertaken during implementation of the activity,,,Agree,Agree,,,,,,
18,12464683413,263393441,2021-03-04 23:06:54,2021-03-04 23:46:55,163.116.193.117,,,,,Yes,SG13,Male,Yes,"Strategy (CDCS), Project design (PAD), Activity design and/or procurement, Evaluation","I engaged with biodiversity programming through facilitating strategic planning, procurement, and/or M&E and reporting (Program Officer)","Mission (please specify), Indonesia",Strongly disagree,Agree,,,,,Agree,"I'm in the Program Office who provide advices through various project cycle cycle, such as project design, activity approval, portfolio review, and evaluation.",Neither agree nor disagree,"While PRO can provide advice, it's up to the biodiversity team to make a call as they are implementing the project.",Agree,Agree,Neither agree nor disagree,Strongly Agree,Agree,Strongly Agree,Very important,Strongly Agree,Very important,Strongly Agree,Very important,Strongly Agree,Very important,Not at all familiar,,,,,,,,,,,,,,,,,,
19,12464417421,263393441,2021-03-04 20:00:06,2021-03-04 20:43:56,163.116.146.116,,,,,Yes,AR34,,Yes,"Strategy (CDCS), Project design (PAD), Activity design and/or procurement, Activity implementation, Evaluation",I was part of a team responsible for managing a biodiversity program or programming biodiversity funds (Biodiversity Practitioner and/or A/COR),"Mission (please specify), Indonesia",Strongly Agree,Strongly Agree,Agree,,Neither agree nor disagree,I believe I have the tools and enthusiasm to try to overcome the barriers,,,,,Neither agree nor disagree,Neither agree nor disagree,Agree,Agree,Neither agree nor disagree,Strongly Agree,Very important,Strongly Agree,Very important,Agree,Important,Agree,Important,Very familiar,Yes,I was part of a team responsible for managing a biodiversity program or programming biodiversity funds (Biodiversity Practitioner or A/COR),Activity design and/or procurement,,,MI/MI2 support had a large positive effect on the quality of the activity design and/or procurement documents produced by the team,,,,,Agree,Agree,,,,,,
20,12463712695,263393441,2021-03-04 16:18:22,2021-03-04 16:18:25,71.246.222.76,,,,,Yes,,,,,,,,,,,,,,,,,,,,,,,,,,,,,,,,,,,,,,,,,,,,,,,,
21,12463687965,263393441,2021-03-04 16:09:30,2021-03-04 16:10:04,71.246.222.76,,,,,Yes,FS75,,No,,,,,,,,,,,,,,,,,,,,,,,,,,,,,,,,,,,,,,,,,,,,,
22,12461056207,263393441,2021-03-03 22:11:20,2021-03-03 22:18:04,140.213.2.27,,,,,Yes,JY36,,Yes,"Strategy (CDCS), Project design (PAD), Activity design and/or procurement, Activity start up, Activity implementation, Evaluation",I was part of a team responsible for managing a biodiversity program or programming biodiversity funds (Biodiversity Practitioner and/or A/COR),"Mission (please specify), Indonesia",Agree,Neither agree nor disagree,Agree,,Agree,,,,,,Agree,Neither agree nor disagree,Neither agree nor disagree,Neither agree nor disagree,Disagree,Agree,Important,Agree,Important,Agree,Important,Agree,Important,Somewhat familiar,Yes,I was part of a team responsible for managing a biodiversity program or programming biodiversity funds (Biodiversity Practitioner or A/COR),Activity design and/or procurement,,,MI/MI2 support had a moderate positive effect on the quality of the activity design and/or procurement documents produced by the team,,,,,Agree,Agree,,,,,,
23,12459917310,263393441,2021-03-03 14:07:10,2021-03-03 14:07:46,71.246.222.76,,,,,Yes,,,,,,,,,,,,,,,,,,,,,,,,,,,,,,,,,,,,,,,,,,,,,,,,
24,12458837606,263393441,2021-03-03 09:05:33,2021-03-03 09:16:16,163.116.193.120,,,,,Yes,TB33,female,Yes,"Strategy (CDCS), Project design (PAD), Activity design and/or procurement, Activity start up, Activity implementation, Evaluation",I was part of a team responsible for managing a biodiversity program or programming biodiversity funds (Biodiversity Practitioner and/or A/COR),"Mission (please specify), Indonesia",Strongly disagree,Disagree,Strongly Agree,"for example, to allow adaptive work plan",Agree,"For example, to set same expectation for adaptive management early in the project implementation.",,,,,Strongly Agree,Agree,Agree,Agree,Agree,Agree,Very important,Agree,Very important,Agree,Very important,Agree,Very important,Very familiar,Yes,I was part of a team responsible for managing a biodiversity program or programming biodiversity funds (Biodiversity Practitioner or A/COR),Activity start up,,,,MI/MI2 support had a moderate positive effect on the quality of the first-year work plan or MEL plan produced by the implementing partner,,,,Agree,Agree,,,,,,
25,12458833084,263393441,2021-03-03 09:04:27,2021-03-03 09:05:29,190.148.209.174,,,,,Yes,Wr87,Female,Yes,"Strategy (CDCS), Project design (PAD), Activity design and/or procurement, Activity implementation",I was part of a team responsible for managing a biodiversity program or programming biodiversity funds (Biodiversity Practitioner and/or A/COR),,,,,,,,,,,,,,,,,,,,,,,,,,,,,,,,,,,,,,,,,,,
26,12458346717,263393441,2021-03-03 06:16:56,2021-03-03 06:17:08,45.56.183.121,,,,,Yes,,,,,,,,,,,,,,,,,,,,,,,,,,,,,,,,,,,,,,,,,,,,,,,,
27,12458342708,263393441,2021-03-03 06:15:02,2021-03-03 06:20:55,102.223.137.10,,,,,Yes,PV66,Female,Yes,"Strategy (CDCS), Activity design and/or procurement, Activity start up, Activity implementation",I was part of a team responsible for managing a biodiversity program or programming biodiversity funds (Biodiversity Practitioner and/or A/COR),"Mission (please specify), West Africa",Strongly Agree,Strongly disagree,Strongly Agree,My experience with USAID systems and regulations makes me keenly aware of how to get to yes.,Strongly Agree,I try to always make the system work for me.,,,,,Agree,Neither agree nor disagree,Neither agree nor disagree,Disagree,Disagree,Agree,Important,Agree,Important,Agree,Very important,Agree,Very important,Very familiar,Yes,I was part of a team responsible for managing a biodiversity program or programming biodiversity funds (Biodiversity Practitioner or A/COR),Activity design and/or procurement,,,MI/MI2 support had a large positive effect on the quality of the activity design and/or procurement documents produced by the team,,,,,Agree,Agree,,,,,,
28,12457537330,263393441,2021-03-02 22:41:21,2021-03-02 23:25:29,216.164.50.130,,,,,Yes,MT38,Female,Yes,"Activity design and/or procurement, Evaluation",I advised and/or provided technical assistance to those managing biodiversity programs or programming biodiversity funds (Biodiversity Advisor),Other Washington Office or Operating Unit,Agree,Agree,,,,,Agree,"I have the technical knowledge, understand the principles of good development and program implementation and know the parameters and limitations of the earmarks funding our programs. The above allows me to have a good idea of the potential and limits within which adjustments can de done. ",Neither agree nor disagree,No sure I understand the question.,,,,Agree,,Agree,,Agree,Important,,Very important,Agree,Very important,Very familiar,Yes,"Other (please specify), Biodiversity adviser","Other (please specify), All of the above",,,,,,,MI/MI2 support had a moderate positive effect on the quality of  processes or outputs in the area of support,Agree,Agree,Agree,Disagree,Agree,Disagree,Very important,Agree
29,12457425970,263393441,2021-03-02 21:40:39,2021-03-02 21:46:49,140.213.190.174,,,,,Yes,BV41,Male,Yes,"Strategy (CDCS), Project design (PAD), Activity design and/or procurement, Activity implementation, Evaluation",I was part of a team responsible for managing a biodiversity program or programming biodiversity funds (Biodiversity Practitioner and/or A/COR),"Mission (please specify), Indonesia",Strongly Agree,Agree,Neither agree nor disagree,,Neither agree nor disagree,,,,,,Agree,Agree,Neither agree nor disagree,Agree,Neither agree nor disagree,Agree,Very important,Neither agree nor disagree,Very important,Neither agree nor disagree,Very important,Neither agree nor disagree,Very important,Somewhat familiar,Yes,I was part of a team responsible for managing a biodiversity program or programming biodiversity funds (Biodiversity Practitioner or A/COR),Activity design and/or procurement,,,MI/MI2 support had a large positive effect on the quality of the activity design and/or procurement documents produced by the team,,,,,Agree,Agree,,,,,,
30,12457363886,263393441,2021-03-02 20:37:18,2021-03-02 21:08:22,163.116.193.116,,,,,Yes,MR95,,Yes,,,,,,,,,,,,,,,,,,,,,,,,,,,,,,,,,,,,,,,,,,,,,
31,12457246118,263393441,2021-03-02 20:11:30,2021-03-02 20:25:15,175.106.9.42,,,,,Yes,PN87,Female,Yes,"Activity design and/or procurement, Activity implementation, Evaluation",I was part of a team responsible for managing a biodiversity program or programming biodiversity funds (Biodiversity Practitioner and/or A/COR),"Mission (please specify), Indonesia",Strongly Agree,Agree,Agree,Over the past year I have gained a lot of experience on activity design and implementing adaptive management as the Mission moves forward with a new CDCS. Having this experience has made me more confident about applying adaptive management (and recognizing it).,Agree,"I think the better answer is ""It depends"". For the routine type of adaptive management within an activity or activity design I feel I can overcome the barriers. However, I am not as confident with respect to adaptive management at the mission level.",,,,,Strongly Agree,Disagree,Agree,Agree,Disagree,Strongly Agree,Very important,Strongly Agree,Very important,Neither agree nor disagree,Moderately important,Neither agree nor disagree,Important,Very familiar,Yes,"Other (please specify), participation on an activity design team; I also participated in Biodiversity Advisors Learning Cohort webinars and activities",Activity design and/or procurement,,,MI/MI2 support had a large positive effect on the quality of the activity design and/or procurement documents produced by the team,,,,,Agree,Strongly agree,,,,,,
32,12457159513,263393441,2021-03-02 19:31:11,2021-03-02 19:32:42,163.116.193.116,,,,,Yes,AR33,,Yes,"Strategy (CDCS), Project design (PAD), Activity design and/or procurement, Activity implementation, Evaluation",I was part of a team responsible for managing a biodiversity program or programming biodiversity funds (Biodiversity Practitioner and/or A/COR),,,,,,,,,,,,,,,,,,,,,,,,,,,,,,,,,,,,,,,,,,,
33,12457111141,263393441,2021-03-02 19:10:47,2021-03-02 19:18:55,49.230.56.192,,,,,Yes,SN69,Male,Yes,"Project design (PAD), Activity implementation",I was part of a team responsible for managing a biodiversity program or programming biodiversity funds (Biodiversity Practitioner and/or A/COR),"Mission (please specify), RDMA",Strongly Agree,Neither agree nor disagree,Agree,"Over time, I have gotten better at working with my team to implement adaptive management responses. The support of FAB has been important in that.",Neither agree nor disagree,"Like anything, there are wins and there are losses. Some barriers can be overcome, some barriers can’t.",,,,,Strongly Agree,Agree,Neither agree nor disagree,Agree,Neither agree nor disagree,Neither agree nor disagree,Important,Neither agree nor disagree,Important,Agree,Very important,Agree,Very important,Very familiar,Yes,"I facilitated strategic planning, procurement, and/or M&E and reporting (Program Officer)",Project design (PAD),,MI/MI2 support had a large positive effect on the quality of the PAD produced by the team,,,,,,Agree,Strongly agree,,,,,,
34,12456797191,263393441,2021-03-02 17:13:34,2021-03-02 17:29:08,190.150.53.146,,,,,Yes,MR12,Male,Yes,Activity implementation,I was part of a team responsible for managing a biodiversity program or programming biodiversity funds (Biodiversity Practitioner and/or A/COR),"Mission (please specify), El Salvador",Strongly Agree,Neither agree nor disagree,Agree,I have participated in adaptive processes recently and I believe the process was successful,Agree,I work in a Mission that supports adaptation when needed.,,,,,Agree,Neither agree nor disagree,Neither agree nor disagree,Strongly Agree,Agree,Strongly Agree,Very important,Strongly Agree,Very important,Strongly Agree,Very important,Agree,Important,Somewhat familiar,Yes,I was part of a team responsible for managing a biodiversity program or programming biodiversity funds (Biodiversity Practitioner or A/COR),Activity start up,,,,MI/MI2 support had a moderate positive effect on the quality of the first-year work plan or MEL plan produced by the implementing partner,,,,Neither agree nor disagree,Agree,,,,,,
35,12402460788,263393441,2021-02-11 13:45:51,2021-02-11 13:53:51,100.15.133.229,,,,,Yes,AL32,female,Yes,"Project design (PAD), Activity design and/or procurement, Activity start up, Activity implementation, Evaluation",I advised and/or provided technical assistance to those managing biodiversity programs or programming biodiversity funds (Biodiversity Advisor),Office of Forestry and Biodiversity,Strongly Agree,Disagree,,,,,Strongly disagree,,Neither agree nor disagree,I don't understand this question,,,,Agree,,Neither agree nor disagree,,Agree,Important,,Moderately important,Agree,Important,Very familiar,Yes,"Other (please specify),  I collaborated with MI-2 to provide support to Missions (Biodiversity Advisor)",Activity implementation,,,,,MI/MI2 support had a moderate positive effect on the actions undertaken during implementation of the activity,,,Neither agree nor disagree,Agree,Agree,Agree,Agree,Agree,Important,Agree
36,12351148701,263393441,2021-01-25 01:28:33,2021-01-25 01:44:56,41.174.4.77,,,,,Yes,CT09,Male,Yes,"Project design (PAD), Activity design and/or procurement, Activity implementation",I was part of a team responsible for managing a biodiversity program or programming biodiversity funds (Biodiversity Practitioner and/or A/COR),"Mission (please specify), Zambia",Strongly Agree,Neither agree nor disagree,Agree,I believe I understand technical aspects of activity implementation that would assist me making a decision whether an activity is on track or there are changes that need to be made to be made to adapt or adjust to the new context.,Neither agree nor disagree,"With an institution like USAID, actualizing Adaptive management is not dependent on an individual but a whole system that includes OAA, Program Office and other support offices",,,,,Agree,Agree,Agree,Agree,Agree,Strongly Agree,Important,Agree,Very important,Strongly Agree,Very important,Agree,Very important,Very familiar,Yes,"I facilitated strategic planning, procurement, and/or M&E and reporting (Program Officer)",Activity design and/or procurement,,,MI/MI2 support had a large positive effect on the quality of the activity design and/or procurement documents produced by the team,,,,,Agree,Strongly agree,,,,,,
37,12341533616,263393441,2021-01-21 01:14:29,2021-01-21 01:35:17,163.116.162.120,,,,,Yes,CR74,M,Yes,Activity design and/or procurement,I was part of a team responsible for managing a biodiversity program or programming biodiversity funds (Biodiversity Practitioner and/or A/COR),"Mission (please specify), Zambia",Agree,Agree,Agree,"As an oFFice, we have adopted a strong collaborative, leaning and adapting as part of our strategy.  Therefore, we are willing to learn from mistakes, expand on successes, and get better results",Agree,We have adopted of culture pause and reflection to help the team adapt,,,,,Agree,Neither agree nor disagree,Neither agree nor disagree,Agree,Neither agree nor disagree,Agree,Important,Agree,Very important,Agree,Very important,Agree,Very important,Not at all familiar,,,,,,,,,,,,,,,,,,
38,12335788349,263393441,2021-01-19 09:03:01,2021-01-19 09:08:25,71.230.37.83,,,,,Yes,ab55,Female,Yes,"Activity design and/or procurement, Activity implementation","I engaged with biodiversity programming through facilitating strategic planning, procurement, and/or M&E and reporting (Program Officer)",Office of Forestry and Biodiversity,Strongly Agree,Neither agree nor disagree,,,,,Agree,"I understand the principles of adaptive management and the types of situations in which approaches can be considered and re-considered. I know how to help convince others of the importance of such an approach, including through sharing concrete examples.",Agree,,,,,Agree,,Agree,,Agree,Important,,Important,Agree,Very important,Somewhat familiar,No,,,,,,,,,,,,Neither agree nor disagree,Agree,Agree,Agree,Important,Agree
39,12276062338,263393441,2020-12-21 21:01:43,2020-12-21 21:01:50,171.98.80.247,,,,,Yes,,,,,,,,,,,,,,,,,,,,,,,,,,,,,,,,,,,,,,,,,,,,,,,,
40,12212882092,263393441,2020-11-30 09:49:46,2020-11-30 12:32:12,190.239.55.163,,,,,Yes,SR67,,Yes,Project design (PAD),I was part of a team responsible for managing a biodiversity program or programming biodiversity funds (Biodiversity Practitioner and/or A/COR),Office of Forestry and Biodiversity,Strongly disagree,Strongly disagree,Strongly disagree,,Strongly disagree,,,,,,,,,Strongly disagree,,Strongly disagree,,Strongly disagree,Not important,,Not important,Strongly disagree,Not important,,,,,,,,,,,,,,Strongly disagree,Strongly disagree,Strongly disagree,Strongly disagree,Not important,Strongly disagree
41,12121397359,263393441,2020-10-29 13:57:51,2020-10-29 14:07:41,108.56.183.101,,,,,Yes,SR24,male,Yes,As BEO I support all aspects of biodiversity from the vantage of environmental compliance,I worked in a different sector at USAID and supported one or more programs that included cross-sectoral integration with biodiversity (Partner in Integration),Other Washington Office or Operating Unit,Strongly Agree,Agree,,,,,,,,,,,,,,,,,,,,,,,,,,,,,,,,,,,,,,,,
42,12116702638,263393441,2020-10-28 08:40:00,2020-10-28 08:42:15,12.96.41.191,,,,,Yes,lr41,,Yes,"Project design (PAD), Evaluation",I advised and/or provided technical assistance to those managing biodiversity programs or programming biodiversity funds (Biodiversity Advisor),Office of Forestry and Biodiversity,Strongly disagree,Neither agree nor disagree,,,,,Agree,,Agree,,,,,,,,,,,,,,,,,,,,,,,,,,,,Agree,Neither agree nor disagree,Agree,,,
43,12113789027,263393441,2020-10-27 12:44:10,2020-10-27 12:47:55,108.51.151.26,,,,,Yes,PR47,F,Yes,"Activity design and/or procurement, Activity start up",I worked in a different sector at USAID and supported one or more programs that included cross-sectoral integration with biodiversity (Partner in Integration),Other Washington Office or Operating Unit,Strongly Agree,Agree,,,Strongly Agree,,Strongly Agree,,,,,,,Agree,,Strongly Agree,,Strongly Agree,Very important,,Very important,Neither agree nor disagree,Very important,Very familiar,Yes,I work in a different sector at USAID and supported cross-sectoral integration with biodiversity in a project or activity (Partner in Integration),Activity start up,,,,MI/MI2 support had a large positive effect on the quality of the first-year work plan or MEL plan produced by the implementing partner,,,,Neither agree nor disagree,Strongly agree,Neither agree nor disagree,Neither agree nor disagree,Neither agree nor disagree,Agree,Very important,Neither agree nor disagree
44,12113147578,263393441,2020-10-27 09:50:58,2020-10-27 09:52:36,181.67.170.91,,,,,Yes,,,,,,,,,,,,,,,,,,,,,,,,,,,,,,,,,,,,,,,,,,,,,,,,
45,12112501617,263393441,2020-10-27 06:01:50,2020-10-27 07:00:36,105.160.10.231,,,,,Yes,KY12,male,Yes,"Project design (PAD), Activity implementation, Evaluation",I was part of a team responsible for managing a biodiversity program or programming biodiversity funds (Biodiversity Practitioner and/or A/COR),"Mission (please specify), Kenya",Strongly Agree,Agree,Agree,We always make decisions that help us make changes in the way we manage activities as we learn and circumstances change. ,Agree,some implementing partners find it very hard to change mid way. ,,,,,Agree,Agree,Agree,Agree,Agree,Agree,Important,Agree,Very important,,,,,,,,,,,,,,,,,,,,,,,
46,12112076180,263393441,2020-10-27 01:41:45,2020-10-27 01:55:15,12.96.41.191,,,,,Yes,PR17,Male,Yes,"Strategy (CDCS), Project design (PAD), Activity design and/or procurement, Activity implementation",I was part of a team responsible for managing a biodiversity program or programming biodiversity funds (Biodiversity Practitioner and/or A/COR),"Mission (please specify), USAID/Cambodia",Strongly Agree,Neither agree nor disagree,Strongly Agree,"Based on knowledge and skills, I believe I can apply  adaptive management to my work",Agree,"Based on knowledge and skills, I believe I can overcome barriers to implementing adaptive management.",,,,,Agree,Agree,Agree,Strongly Agree,Neither agree nor disagree,Neither agree nor disagree,Important,Agree,Very important,Agree,Very important,Strongly Agree,Very important,Not at all familiar,,,,,,,,,,,,,,,,,,
47,12112069678,263393441,2020-10-27 01:36:50,2020-10-27 01:41:03,12.96.41.191,,,,,Yes,PR17,Male,No,,,,,,,,,,,,,,,,,,,,,,,,,,,,,,,,,,,,,,,,,,,,,
48,12112053996,263393441,2020-10-27 01:23:58,2020-10-27 01:24:24,41.81.220.27,,,,,Yes,,,,,,,,,,,,,,,,,,,,,,,,,,,,,,,,,,,,,,,,,,,,,,,,
49,12110681739,263393441,2020-10-26 15:02:15,2020-10-26 15:03:01,105.160.111.160,,,,,Yes,AR27,female,No,,,,,,,,,,,,,,,,,,,,,,,,,,,,,,,,,,,,,,,,,,,,,
50,12110493424,263393441,2020-10-26 14:04:50,2020-10-26 14:16:39,190.150.53.146,,,,,Yes,mr35,Male,Yes,Activity implementation,I was part of a team responsible for managing a biodiversity program or programming biodiversity funds (Biodiversity Practitioner and/or A/COR),"Mission (please specify), El Salvador",Strongly Agree,Agree,Strongly Agree,I am aware of the need to adapt to changing circumstances and are capable of directing and participating in the needed change,Agree,,,,,,Neither agree nor disagree,Agree,Neither agree nor disagree,Strongly Agree,Agree,Neither agree nor disagree,Very important,Strongly Agree,Very important,Strongly Agree,Very important,Agree,Very important,Somewhat familiar,Yes,I was part of a team responsible for managing a biodiversity program or programming biodiversity funds (Biodiversity Practitioner or A/COR),Activity start up,,,,MI/MI2 support had a moderate positive effect on the quality of the first-year work plan or MEL plan produced by the implementing partner,,,,Neither agree nor disagree,Agree,,,,,,
51,12110440590,263393441,2020-10-26 13:50:07,2020-10-26 13:55:49,209.211.164.125,,,,,Yes,MB76,Female,Yes,"Strategy (CDCS), Activity design and/or procurement, Activity implementation, Evaluation",I was part of a team responsible for managing a biodiversity program or programming biodiversity funds (Biodiversity Practitioner and/or A/COR),"Mission (please specify), Colombia",Agree,Neither agree nor disagree,Agree,Conducting pause and reflects and learning events to identify areas for course correction or sharing with others for improved outcomes.,Neither agree nor disagree,,,,,,Neither agree nor disagree,Neither agree nor disagree,Agree,Disagree,Disagree,Agree,Moderately important,Agree,Moderately important,Agree,Very important,Neither agree nor disagree,Important,Very familiar,Yes,I was part of a team responsible for managing a biodiversity program or programming biodiversity funds (Biodiversity Practitioner or A/COR),Activity design and/or procurement,,,MI/MI2 support had a moderate positive effect on the quality of the activity design and/or procurement documents produced by the team,,,,,Strongly agree,Strongly agree,,,,,,
52,12110426546,263393441,2020-10-26 13:45:58,2020-10-26 13:47:18,108.18.31.212,,,,,Yes,BP30,F,No,,,,,,,,,,,,,,,,,,,,,,,,,,,,,,,,,,,,,,,,,,,,,
53,12110325283,263393441,2020-10-26 13:15:52,2020-10-26 14:26:26,179.7.136.165,,,,,Yes,LV31,female,Yes,"Project design (PAD), Activity design and/or procurement, Activity start up, Activity implementation",I was part of a team responsible for managing a biodiversity program or programming biodiversity funds (Biodiversity Practitioner and/or A/COR),"Mission (please specify), Peru",Strongly Agree,Disagree,Agree,I understand the Theory of Change methodology and participated in star-up workshops as well as Pause and Reflect workshops.  I understand the way that an implementing mechanism can be adapted and integrated. ,Agree,"Results chain can provide you the enough inputs to reflect, to see where a mechanism is in the whole life of its implementation. Understanding challenges and reflecting with teams, you can overcome barriers and adapt for the next annual work plan.  ",,,,,Strongly Agree,Agree,Agree,Agree,Disagree,Agree,Very important,Agree,Very important,Agree,Very important,Agree,Very important,Very familiar,Yes,I was part of a team responsible for managing a biodiversity program or programming biodiversity funds (Biodiversity Practitioner or A/COR),Project design (PAD),,MI/MI2 support had a large positive effect on the quality of the PAD produced by the team,,,,,,Strongly agree,Agree,,,,,,
54,12110260307,263393441,2020-10-26 12:58:02,2020-10-26 12:58:49,199.138.88.155,,,,,Yes,LY27,Male,No,,,,,,,,,,,,,,,,,,,,,,,,,,,,,,,,,,,,,,,,,,,,,
55,12110259074,263393441,2020-10-26 12:57:49,2020-10-26 12:59:03,12.96.41.191,,,,,Yes,lr41,,Yes,Activity design and/or procurement,I advised and/or provided technical assistance to those managing biodiversity programs or programming biodiversity funds (Biodiversity Advisor),Office of Forestry and Biodiversity,Strongly Agree,Neither agree nor disagree,,,,,,,,,,,,,,,,,,,,,,,,,,,,,,,,,,,,,,,,
56,12110223353,263393441,2020-10-26 12:47:25,2020-10-26 12:56:19,138.88.91.218,,,,,Yes,rp60,f,Yes,"Strategy (CDCS), Project design (PAD), Activity design and/or procurement, Activity start up, Activity implementation, Evaluation","I engaged with biodiversity programming through facilitating strategic planning, procurement, and/or M&E and reporting (Program Officer)","Mission (please specify), KEA",Strongly disagree,Neither agree nor disagree,,,,,Strongly disagree,Changing political environment possibly changes activities. Climate or natural disasters quickly change strategy through activity implementation. ,Strongly disagree,,Strongly disagree,Disagree,Disagree,Agree,Disagree,Strongly Agree,Very important,Strongly Agree,Very important,Agree,Important,Agree,Very important,Very familiar,Yes,I was part of a team responsible for managing a biodiversity program or programming biodiversity funds (Biodiversity Practitioner or A/COR),Activity design and/or procurement,,,MI/MI2 support had a large positive effect on the quality of the activity design and/or procurement documents produced by the team,,,,,Agree,Strongly agree,,,,,,
57,12110102527,263393441,2020-10-26 12:12:32,2020-10-26 12:13:55,185.67.177.11,,,,,Yes,PY12,female,No,,,,,,,,,,,,,,,,,,,,,,,,,,,,,,,,,,,,,,,,,,,,,
58,12109858489,263393441,2020-10-26 11:04:39,2020-10-26 11:04:51,100.15.81.252,,,,,Yes,,,,,,,,,,,,,,,,,,,,,,,,,,,,,,,,,,,,,,,,,,,,,,,,
59,12109848886,263393441,2020-10-26 11:01:57,2020-10-26 11:18:31,108.48.161.106,,,,,Yes,SM07,,Yes,"Strategy (CDCS), Project design (PAD), Activity design and/or procurement, Activity start up, Activity implementation, Evaluation",I advised and/or provided technical assistance to those managing biodiversity programs or programming biodiversity funds (Biodiversity Advisor),Other Washington Office or Operating Unit,Strongly Agree,Agree,,,,,Strongly Agree,My many years of field experience led me to engage in adaptive management as a pragmatic practitioner working on the ground in dynamic contexts.,Strongly Agree,The most impactful barriers are those related to designs by people without experience in implementing the types of designs they push on the field. I provide a counterweight to that.,,,,Strongly Agree,,Agree,,Agree,Slightly important,,Very important,Strongly Agree,Very important,Very familiar,Yes,I was part of a team responsible for managing a biodiversity program or programming biodiversity funds (Biodiversity Practitioner or A/COR),Activity design and/or procurement,,,MI/MI2 support had a negative effect on the quality of the activity design and/or procurement documents produced by the team,,,,,Agree,Disagree,Strongly Agree,Agree,Strongly Agree,Agree,Slightly important,Strongly Agree
60,12109842011,263393441,2020-10-26 11:00:05,2020-10-26 11:00:13,93.74.20.212,,,,,Yes,,,,,,,,,,,,,,,,,,,,,,,,,,,,,,,,,,,,,,,,,,,,,,,,
61,12109828512,263393441,2020-10-26 10:55:23,2020-10-26 10:57:06,73.163.179.183,,,,,Yes,SL03,,Yes,,,,,,,,,,,,,,,,,,,,,,,,,,,,,,,,,,,,,,,,,,,,,
62,12109822414,263393441,2020-10-26 10:54:11,2020-10-26 10:55:03,71.230.37.83,,,,,Yes,AB55,Female,Yes,,,,,,,,,,,,,,,,,,,,,,,,,,,,,,,,,,,,,,,,,,,,,
63,12109820088,263393441,2020-10-26 10:53:47,2020-10-26 10:58:38,175.158.51.209,,,,,Yes,BL09,,Yes,"Strategy (CDCS), Project design (PAD), Activity design and/or procurement, Activity start up, Activity implementation, Evaluation",I was part of a team responsible for managing a biodiversity program or programming biodiversity funds (Biodiversity Practitioner and/or A/COR),"Mission (please specify), Indonesia",Strongly Agree,Neither agree nor disagree,Strongly Agree,,Agree,,,,,,Strongly Agree,Strongly Agree,Agree,Strongly Agree,Agree,Agree,Very important,Agree,Important,Strongly Agree,Very important,Agree,Very important,Very familiar,Yes,I was part of a team responsible for managing a biodiversity program or programming biodiversity funds (Biodiversity Practitioner or A/COR),Activity design and/or procurement,,,MI/MI2 support had a large positive effect on the quality of the activity design and/or procurement documents produced by the team,,,,,Agree,Agree,,,,,,
64,12109808811,263393441,2020-10-26 10:50:28,2020-10-26 10:50:46,173.66.102.193,,,,,Yes,,,,,,,,,,,,,,,,,,,,,,,,,,,,,,,,,,,,,,,,,,,,,,,,
65,12104237751,263393441,2020-10-23 14:37:08,2020-10-23 14:53:04,76.100.130.247,,,,,Yes,WB46,F,Yes,"Project design (PAD), Activity design and/or procurement, Activity implementation",I advised and/or provided technical assistance to those managing biodiversity programs or programming biodiversity funds (Biodiversity Advisor),Office of Forestry and Biodiversity,Strongly Agree,Neither agree nor disagree,,,,,Agree,I feel comfortable with changes to programming and would also be happy to improve my skills.,Agree,"I think with additional training and practice, my support can improve.",,,,Disagree,,Agree,,Strongly Agree,Very important,,Important,Neither agree nor disagree,Very important,Very familiar,Yes,I was part of a team responsible for managing a biodiversity program or programming biodiversity funds (Biodiversity Practitioner or A/COR),Activity implementation,,,,,MI/MI2 support had a moderate positive effect on the actions undertaken during implementation of the activity,,,Strongly agree,Agree,Agree,Neither agree nor disagree,Agree,Strongly disagree,Important,Neither agree nor disagree
66,12099378316,263393441,2020-10-22 07:45:17,2020-10-22 08:10:39,169.159.210.140,,,,,Yes,KT23,Female,Yes,"Activity design and/or procurement, Activity implementation",I was part of a team responsible for managing a biodiversity program or programming biodiversity funds (Biodiversity Practitioner and/or A/COR),"Mission (please specify), DRC",Strongly Agree,Agree,Disagree,I need capacity building activities to be able to master this ability,Disagree,Need peer learning and mentoring. need to learn from teammates,,,,,Agree,Agree,Agree,Agree,Agree,Strongly disagree,Very important,Agree,Very important,Agree,Very important,Neither agree nor disagree,Very important,Very familiar,Yes,I was part of a team responsible for managing a biodiversity program or programming biodiversity funds (Biodiversity Practitioner or A/COR),Activity design and/or procurement,,,MI/MI2 support had a large positive effect on the quality of the activity design and/or procurement documents produced by the team,,,,,Agree,Agree,,,,,,
67,12088253491,263393441,2020-10-19 06:10:12,2020-10-19 08:56:21,12.96.41.191,,,,,Yes,MN72,,Yes,Activity implementation,I was part of a team responsible for managing a biodiversity program or programming biodiversity funds (Biodiversity Practitioner and/or A/COR),"Mission (please specify), South Sudan",Strongly Agree,Agree,Agree,"We are focused on AM as a mission, but implementing it is not easy",Neither agree nor disagree,NOt sure.  We set up own own barriers in activities' procurement ,,,,,Agree,Agree,Agree,Neither agree nor disagree,Neither agree nor disagree,Neither agree nor disagree,I don’t know,Neither agree nor disagree,I don’t know,Agree,Very important,Agree,Very important,Not at all familiar,,,,,,,,,,,,,,,,,,
68,12088237927,263393441,2020-10-19 06:02:27,2020-10-19 06:17:30,154.160.5.124,,,,,Yes,NV68,Male,Yes,"Activity design and/or procurement, Activity implementation, Evaluation",I was part of a team responsible for managing a biodiversity program or programming biodiversity funds (Biodiversity Practitioner and/or A/COR),"Mission (please specify), West Africa",Strongly disagree,Disagree,Agree,Working closely with the Implementer and partners using CLA approaches we improved our situation model over time and better streamlined our indicators and targets,Agree,,,,,,Agree,Agree,Neither agree nor disagree,Agree,Neither agree nor disagree,Agree,Important,Agree,Very important,,,,,,,,,,,,,,,,,,,,,,,
69,12087732912,263393441,2020-10-19 00:31:56,2020-10-19 00:41:49,105.160.108.89,,,,,Yes,SV35,Male,Yes,"Strategy (CDCS), Project design (PAD), Activity design and/or procurement, Activity start up, Activity implementation, Evaluation",I was part of a team responsible for managing a biodiversity program or programming biodiversity funds (Biodiversity Practitioner and/or A/COR),"Mission (please specify), USAID/KEA",Agree,Disagree,Agree,Biodiversity can be integrated  in any field or discipline from Health to Education through adaptive mgt.,Agree,Its more like learning and adapting on the go,,,,,Agree,Neither agree nor disagree,Agree,Agree,Disagree,Agree,Important,Agree,Very important,Agree,Very important,Agree,Important,Somewhat familiar,No,,,,,,,,,,,,,,,,,
70,12079945477,263393441,2020-10-15 14:28:40,2020-10-15 14:28:47,189.6.36.63,,,,,Yes,,,,,,,,,,,,,,,,,,,,,,,,,,,,,,,,,,,,,,,,,,,,,,,,
71,12077855192,263393441,2020-10-15 02:10:38,2020-10-15 02:11:30,12.96.41.191,,,,,Yes,,,,,,,,,,,,,,,,,,,,,,,,,,,,,,,,,,,,,,,,,,,,,,,,
72,12076589223,263393441,2020-10-14 15:54:19,2020-10-14 15:58:45,68.238.162.42,,,,,Yes,FP75,F,Yes,"Project design (PAD), Activity design and/or procurement, Activity start up, Activity implementation",I was part of a team responsible for managing a biodiversity program or programming biodiversity funds (Biodiversity Practitioner and/or A/COR),"Mission (please specify), Tanzania",Strongly Agree,Disagree,Agree,"We organize internal pause and reflect sessions for activities and to a lesser extent, the program as a whole so that we can review and make changes as needed.",Agree,The systems are in place but sometimes its difficult to find the time or make large changes.,,,,,Agree,Agree,Agree,Agree,Agree,Agree,Very important,Agree,Very important,Agree,Very important,Agree,Very important,Somewhat familiar,Yes,I was part of a team responsible for managing a biodiversity program or programming biodiversity funds (Biodiversity Practitioner or A/COR),Activity start up,,,,MI/MI2 support had a large positive effect on the quality of the first-year work plan or MEL plan produced by the implementing partner,,,,Agree,Agree,,,,,,
73,12076184709,263393441,2020-10-14 13:41:15,2020-10-14 13:48:28,191.177.158.154,,,,,Yes,CR33,Female,Yes,"Project design (PAD), Activity design and/or procurement, Activity start up, Activity implementation, Evaluation",I was part of a team responsible for managing a biodiversity program or programming biodiversity funds (Biodiversity Practitioner and/or A/COR),"Mission (please specify), Brazil",Strongly Agree,Agree,Agree,,Neither agree nor disagree,,,,,,Strongly Agree,Disagree,Neither agree nor disagree,Neither agree nor disagree,Disagree,Agree,Very important,Agree,Very important,Neither agree nor disagree,Very important,Agree,Very important,Somewhat familiar,Yes,I was part of a team responsible for managing a biodiversity program or programming biodiversity funds (Biodiversity Practitioner or A/COR),Project design (PAD),,I don’t know,,,,,,Neither agree nor disagree,Neither agree nor disagree,,,,,,
74,12076067402,263393441,2020-10-14 13:04:24,2020-10-14 13:13:31,177.235.153.131,,,,,Yes,BR41,Male,Yes,"Strategy (CDCS), Project design (PAD), Activity design and/or procurement, Activity start up, Activity implementation, Evaluation",I was part of a team responsible for managing a biodiversity program or programming biodiversity funds (Biodiversity Practitioner and/or A/COR),"Mission (please specify), Brazil",Strongly Agree,Neither agree nor disagree,Agree,Sometimes policies and procedures inhibit our abilities to apply adaptive management.,Neither agree nor disagree,Sometimes policies and procedures inhibit our abilities to apply adaptive management.,,,,,Strongly Agree,Agree,Agree,Neither agree nor disagree,Neither agree nor disagree,Agree,Very important,Agree,Very important,Neither agree nor disagree,Very important,Neither agree nor disagree,Very important,Very familiar,Yes,I was part of a team responsible for managing a biodiversity program or programming biodiversity funds (Biodiversity Practitioner or A/COR),Project design (PAD),,MI/MI2 support had a moderate positive effect on the quality of the PAD produced by the team,,,,,,Neither agree nor disagree,Neither agree nor disagree,,,,,,
75,12075797635,263393441,2020-10-14 11:44:44,2020-10-14 11:54:19,73.19.121.150,,,,,Yes,RL13,,Yes,"Activity design and/or procurement, Activity start up",I advised and/or provided technical assistance to those managing biodiversity programs or programming biodiversity funds (Biodiversity Advisor),Office of Forestry and Biodiversity,Agree,Agree,,,,,Neither agree nor disagree,"I have two concerns. First is that the resources for adaptive management are not as well-developed as those for design, and it's sometimes hard to know where to turn to get information. Second, people become invested in conservation activities, like any activity, and there is a certain degree of path dependence in the real world that makes it difficult to shift course in a dramatic fashion. ",Agree,"I suspect that the barriers I articulated above, particularly with regard to resource availability, will be reduced in the coming years as I suspect this is a concern that is shared by a number of staff. ",,,,Strongly Agree,,Strongly Agree,,Strongly Agree,Very important,,Very important,Neither agree nor disagree,Very important,Very familiar,Yes,"I facilitated strategic planning, procurement, and/or M&E and reporting (Program Officer)",Activity start up,,,,MI/MI2 support had a moderate positive effect on the quality of the first-year work plan or MEL plan produced by the implementing partner,,,,Strongly agree,Strongly agree,Agree,Neither agree nor disagree,Neither agree nor disagree,Agree,Very important,Agree
76,12075745917,263393441,2020-10-14 11:29:09,2020-10-14 11:40:02,190.166.150.20,,,,,Yes,SF16,Male,Yes,Project design (PAD),I advised and/or provided technical assistance to those managing biodiversity programs or programming biodiversity funds (Biodiversity Advisor),"Mission (please specify), Dominican Republic",Strongly Agree,Agree,,,,,Strongly Agree,"Based on the technical training available and my experience in USAID programming, I'm capable of supporting adaptive management. ",Strongly Agree,Constrain are mostly on the available time.,Strongly Agree,Disagree,Neither agree nor disagree,Agree,Disagree,Strongly Agree,Very important,Agree,Very important,Agree,Very important,Neither agree nor disagree,Important,Somewhat familiar,Yes,I work in a different sector at USAID and supported cross-sectoral integration with biodiversity in a project or activity (Partner in Integration),Activity design and/or procurement,,,I don’t know,,,,,Agree,Agree,,,,,,
77,12075635049,263393441,2020-10-14 11:01:01,2020-10-14 11:11:04,100.15.217.154,,,,,Yes,PR58,Female,Yes,"Activity design and/or procurement, Activity start up, Activity implementation",I advised and/or provided technical assistance to those managing biodiversity programs or programming biodiversity funds (Biodiversity Advisor),Office of Forestry and Biodiversity,Strongly Agree,Agree,,,,,Agree,,Agree,,,,,Disagree,,Agree,,Agree,Very important,,Important,Agree,Very important,Very familiar,Yes,"Other (please specify), Advisor supporting another team's start up",Activity start up,,,,MI/MI2 support had a large positive effect on the quality of the first-year work plan or MEL plan produced by the implementing partner,,,,Strongly agree,Strongly agree,Agree,Disagree,Agree,Disagree,Very important,Neither agree nor disagree
78,12075437506,263393441,2020-10-14 10:06:50,2020-10-14 10:07:02,100.15.173.90,,,,,Yes,TEST,,Yes,,,,,,,,,,,,,,,,,,,,,,,,,,,,,,,,,,,,,,,,,,,,,
79,12075266946,263393441,2020-10-14 09:19:16,2020-10-14 09:19:32,190.166.150.20,,,,,Yes,SF16,Male,Yes,,,,,,,,,,,,,,,,,,,,,,,,,,,,,,,,,,,,,,,,,,,,,
80,12075171056,263393441,2020-10-14 08:30:31,2020-10-14 08:51:30,190.166.150.20,,,,,Yes,SF16,Male,Yes,,,,,,,,,,,,,,,,,,,,,,,,,,,,,,,,,,,,,,,,,,,,,
81,12075082749,263393441,2020-10-14 08:21:01,2020-10-14 08:21:34,184.166.87.118,,,,,Yes,Ml03,,No,,,,,,,,,,,,,,,,,,,,,,,,,,,,,,,,,,,,,,,,,,,,,
82,12074841297,263393441,2020-10-14 06:46:37,2020-10-14 06:55:46,41.66.230.40,,,,,Yes,LY43,Male,Yes,"Strategy (CDCS), Activity design and/or procurement, Activity implementation, Evaluation",I was part of a team responsible for managing a biodiversity program or programming biodiversity funds (Biodiversity Practitioner and/or A/COR),"Mission (please specify), West Africa",Agree,Neither agree nor disagree,Agree,Regular communication with the implementing partner allows for small changes over time.  COVID impacts meant changes to the implementation.,Neither agree nor disagree,,,,,,Agree,Agree,Neither agree nor disagree,Agree,Agree,Agree,Moderately important,Agree,Important,Agree,Important,Agree,Important,Somewhat familiar,Yes,"I facilitated strategic planning, procurement, and/or M&E and reporting (Program Officer)",Activity design and/or procurement,,,I don’t know,,,,,Neither agree nor disagree,Neither agree nor disagree,,,,,,
83,12074702666,263393441,2020-10-14 05:40:10,2020-10-14 05:51:44,175.106.15.54,,,,,Yes,AN68,F,Yes,"Strategy (CDCS), Activity design and/or procurement, Activity implementation",I was part of a team responsible for managing a biodiversity program or programming biodiversity funds (Biodiversity Practitioner and/or A/COR),"Mission (please specify), Indonesia",Strongly Agree,Agree,Agree,I have received adequate high-quality training on adaptive management.,Neither agree nor disagree,"I think it depends a bit on the barrier. The project where I am the COR has fully adopted pause and reflect exercises and other adaptive management, so there is not a strong barrier to getting IP buy-in. The mission and DC is also supportive. So I am not sure what barriers exist.",,,,,Agree,Disagree,Neither agree nor disagree,Agree,Disagree,Agree,Important,Agree,Very important,Neither agree nor disagree,Important,Neither agree nor disagree,Important,Somewhat familiar,Yes,"Other (please specify), Activity Design",Activity design and/or procurement,,,MI/MI2 support had a moderate positive effect on the quality of the activity design and/or procurement documents produced by the team,,,,,Agree,Agree,,,,,,
84,12074700193,263393441,2020-10-14 05:38:51,2020-10-14 05:39:58,175.106.15.54,,,,,Yes,AN68,F,Yes,,,,,,,,,,,,,,,,,,,,,,,,,,,,,,,,,,,,,,,,,,,,,
85,12074697334,263393441,2020-10-14 05:37:33,2020-10-14 05:37:39,41.188.57.155,,,,,Yes,,,,,,,,,,,,,,,,,,,,,,,,,,,,,,,,,,,,,,,,,,,,,,,,
86,12074574514,263393441,2020-10-14 04:29:31,2020-10-14 04:36:41,197.235.66.218,,,,,Yes,,,,,,,,,,,,,,,,,,,,,,,,,,,,,,,,,,,,,,,,,,,,,,,,
87,12074459102,263393441,2020-10-14 03:31:16,2020-10-14 03:51:07,12.96.41.191,,,,,Yes,BR52,Male ,Yes,"Activity design and/or procurement, Activity implementation, Evaluation",I was part of a team responsible for managing a biodiversity program or programming biodiversity funds (Biodiversity Practitioner and/or A/COR),"Mission (please specify), Kinshasa ",Strongly Agree,Disagree,Agree,We can adapt ourselves to face new challenges or new orientations..,Agree,,,,,,Agree,Agree,Agree,Agree,Agree,Strongly Agree,Very important,Strongly Agree,Very important,Agree,Important,Agree,Very important,Very familiar,Yes,"Other (please specify), Part of CARPE team members during the strategic design of CARPE IV strategy ",Strategy (CDCS),MI/MI2 support had a large positive effect on the quality of the C/RDCS produced by the team,,,,,,,Agree,Agree,,,,,,
88,12074449001,263393441,2020-10-14 03:21:03,2020-10-14 03:41:26,41.174.25.247,,,,,Yes,CT09,,Yes,"Project design (PAD), Activity design and/or procurement, Activity implementation",I was part of a team responsible for managing a biodiversity program or programming biodiversity funds (Biodiversity Practitioner and/or A/COR),"Mission (please specify), Zambia",Strongly disagree,Neither agree nor disagree,Strongly disagree,Adaptive management is based on strong monitoring and tracking performance of an activity in order ton adjust to the changing context or other factors affecting activity implementation. ,Neither agree nor disagree,"Depending on the mechanism being used, this is a multi-office response involving OAA and RLO and other partners in the office. ",,,,,Agree,Neither agree nor disagree,Agree,Agree,Agree,Agree,Very important,Neither agree nor disagree,Very important,Neither agree nor disagree,Very important,Neither agree nor disagree,Very important,Very familiar,Yes,I was part of a team responsible for managing a biodiversity program or programming biodiversity funds (Biodiversity Practitioner or A/COR),Activity design and/or procurement,,,MI/MI2 support had a large positive effect on the quality of the activity design and/or procurement documents produced by the team,,,,,Strongly disagree,Agree,,,,,,
89,12074394804,263393441,2020-10-14 02:49:21,2020-10-14 03:01:05,41.223.117.69,,,,,Yes,KL26,Female,Yes,"Project design (PAD), Activity design and/or procurement, Activity start up, Activity implementation, Evaluation",I was part of a team responsible for managing a biodiversity program or programming biodiversity funds (Biodiversity Practitioner and/or A/COR),"Mission (please specify), Zambia",Strongly disagree,Neither agree nor disagree,Agree,"Activity implementation provides for review of performance and pause and reflect, which often times provides an opportunity to make adjustments for areas that may not be working very well. I have had to modify an existing award to pave way for new activities as part of adaptive management",Neither agree nor disagree,"Some barriers are not always easy to traverse, for instance, if you have limited time of implementation, its practically impossible to see the results of adjustments that may have been made way into activity implementation",,,,,Agree,Agree,Agree,Agree,Neither agree nor disagree,Strongly Agree,Very important,Agree,Very important,Strongly Agree,Very important,Agree,Very important,Very familiar,Yes,"Other (please specify), I was part of the design team for new biodiversity activities, which i later came to be AOR",Activity design and/or procurement,,,MI/MI2 support had a large positive effect on the quality of the activity design and/or procurement documents produced by the team,,,,,Agree,Agree,,,,,,
90,12074307358,263393441,2020-10-14 01:48:54,2020-10-14 01:49:06,12.96.41.191,,,,,Yes,,,,,,,,,,,,,,,,,,,,,,,,,,,,,,,,,,,,,,,,,,,,,,,,
91,12074282854,263393441,2020-10-14 01:30:28,2020-10-14 01:36:50,103.102.7.35,,,,,Yes,LL81,Female,Yes,"Activity design and/or procurement, Activity start up, Activity implementation",I worked in a different sector at USAID and supported one or more programs that included cross-sectoral integration with biodiversity (Partner in Integration),Other Washington Office or Operating Unit,Strongly Agree,Strongly Agree,,,Agree,,Agree,,,,,,,Agree,,Strongly Agree,,Strongly Agree,Important,,Very important,Neither agree nor disagree,Very important,Very familiar,Yes,I work in a different sector at USAID and supported cross-sectoral integration with biodiversity in a project or activity (Partner in Integration),Activity design and/or procurement,,,MI/MI2 support had a moderate positive effect on the quality of the activity design and/or procurement documents produced by the team,,,,,Agree,Agree,Agree,Disagree,Neither agree nor disagree,Neither agree nor disagree,Moderately important,Agree
92,12074269410,263393441,2020-10-14 01:21:16,2020-10-14 01:31:59,152.180.39.63,,,,,Yes,SN69,Cis male,Yes,"Project design (PAD), Activity design and/or procurement, Activity implementation",I was part of a team responsible for managing a biodiversity program or programming biodiversity funds (Biodiversity Practitioner and/or A/COR),"Mission (please specify), RDMA",Agree,Neither agree nor disagree,Neither agree nor disagree,"I understand adaptive management.  I think I'm good with ""big picture"" adaptive management, e.g., big-picture rethinks due to a coronavirus pandemic.  Where I'm not so good is using quarterly or annual monitoring against indicators/targets and making smaller course corrections.  ",Neither agree nor disagree,"Adaptive management isn't something that any of us do alone.  I might agree with the statement ""I believe WE can overcome barriers...""  It takes an institutional structure that highly values MEL.  It takes an institutional structure that can accept uncertainty (what IS versus what COULD BE).  It takes adept project managers and technical advisors.  Takes a village.  ",,,,,Strongly Agree,Agree,Neither agree nor disagree,Agree,Neither agree nor disagree,Strongly Agree,Important,Agree,Important,Agree,Important,Agree,Important,Very familiar,Yes,I was part of a team responsible for managing a biodiversity program or programming biodiversity funds (Biodiversity Practitioner or A/COR),Project design (PAD),,MI/MI2 support had a large positive effect on the quality of the PAD produced by the team,,,,,,Agree,Agree,,,,,,
93,12074195313,263393441,2020-10-14 00:26:26,2020-10-14 00:37:11,12.96.41.191,,,,,Yes,PD87,female,Yes,"Strategy (CDCS), Project design (PAD), Activity design and/or procurement, Activity start up, Activity implementation, Evaluation",I was part of a team responsible for managing a biodiversity program or programming biodiversity funds (Biodiversity Practitioner and/or A/COR),"Mission (please specify), Cambodia",Strongly Agree,Agree,Strongly Agree,"Changing the approaches, the way of doing business are very important to cope and mitigate risks from the changing of climate, policy, context and especially during the pandemic, and post disasters. ",Agree,"There are some barriers that we can mitigate their impacts but not to eliminate it. But adaptive management is very important for managing the Activity as a COR/AOR. We need to see how the changes may impact the Activity that we are managing, and find the ways to address, mitigate or learn from it to avoid the same mistakes in the future. ",,,,,Agree,Agree,Agree,Agree,Agree,Agree,Important,Agree,Very important,Agree,Important,Agree,Very important,Somewhat familiar,,,,,,,,,,,,,,,,,,
